"genus","species","newcarabids_x","newmartin2019_x"
"abax","carinatus","1",NA
"abax","ovalis",NA,NA
"abax","parallelepipedus","2",NA
"abax","parallelus","3",NA
"acalymma","vittatum",NA,NA
"acanthocinus","aedilis",NA,NA
"acanthocinus","griseus",NA,NA
"acmaeops","marginata",NA,NA
"acmaeops","septentrionis",NA,NA
"acmaeops","smaragdula",NA,NA
"acropyga","exsanguis",NA,NA
"acrotona","aterrima",NA,NA
"acrotona","obfuscata",NA,NA
"acrotona","parvula",NA,NA
"acupalpus","brunnipes","4",NA
"acupalpus","dubius","5",NA
"acupalpus","elegans","6",NA
"acupalpus","exiguus","7",NA
"acupalpus","flavicollis","8",NA
"acupalpus","interstitialis","9",NA
"acupalpus","luteatus","10",NA
"acupalpus","maculatus","11",NA
"acupalpus","meridianus","12",NA
"acupalpus","parvulus","13",NA
"acyrthosiphon","pisum",NA,NA
"adalia","bipunctata",NA,NA
"adalia","decempunctata",NA,NA
"adelomyrmex","laevigatus",NA,NA
"adelomyrmex","sp.",NA,NA
"adelphocoris","lineolatus",NA,NA
"adelphocoris","quadripunctatus",NA,NA
"adelphocoris","seticornis",NA,NA
"adelphocoris","ticinensis",NA,NA
"aegomorphus","clavipes",NA,NA
"agapanthia","villosoviridescens",NA,NA
"agonum","afrum","14",NA
"agonum","dolens","15",NA
"agonum","duftschmidi","16",NA
"agonum","ericeti","17",NA
"agonum","fuliginosum","18",NA
"agonum","gracile","19",NA
"agonum","gracilipes","20",NA
"agonum","hypocrita","21",NA
"agonum","impressum","22",NA
"agonum","longicorne","23",NA
"agonum","lugens","24",NA
"agonum","marginatum","25",NA
"agonum","micans","26",NA
"agonum","monachum","27",NA
"agonum","muelleri","28",NA
"agonum","munsteri","29",NA
"agonum","nigrum","30",NA
"agonum","pelidnum","31",NA
"agonum","permoestum","32","aggregate"
"agonum","piceum","33",NA
"agonum","scitulum","34",NA
"agonum","sexpunctatum","35",NA
"agonum","versutum","36",NA
"agonum","viduum","37",NA
"agonum","viridicupreum",NA,NA
"agyneta","",NA,NA
"agyneta","affinis",NA,NA
"agyneta","decora",NA,NA
"agyneta","fuscipalpa",NA,NA
"agyneta","mollis",NA,NA
"agyneta","rurestris",NA,NA
"agyneta","saxatilis",NA,NA
"agyneta","simplicitarsis",NA,NA
"aleochara","",NA,NA
"aleochara","bilineata",NA,NA
"aleochara","bipustulata",NA,NA
"aleochara","brevipennis",NA,NA
"aleochara","curtula",NA,NA
"aleochara","laevigata",NA,NA
"aleochara","lygaea",NA,NA
"aleochara","ruficornis",NA,NA
"aleochara","sparsa",NA,NA
"aleochara","tristis",NA,NA
"allodynerus","rossii",NA,NA
"alloxysta","victrix",NA,NA
"aloconota","gregaria",NA,NA
"alopecosa","accentuata",NA,NA
"alopecosa","aculeata",NA,NA
"alopecosa","albofasciata",NA,NA
"alopecosa","cuneata",NA,NA
"alopecosa","fabrilis",NA,NA
"alopecosa","pulverulenta",NA,NA
"alopecosa","simoni",NA,NA
"alopecosa","trabalis",NA,NA
"alosterna","tabacicolor",NA,NA
"amara","",NA,NA
"amara","aenea","38",NA
"amara","anthobia","39",NA
"amara","apricaria","40",NA
"amara","arenaria","41",NA
"amara","aulica","42",NA
"amara","bifrons","43",NA
"amara","brunnea","44",NA
"amara","chaudoiri","45",NA
"amara","communis","46",NA
"amara","concinna","47",NA
"amara","consularis","48",NA
"amara","convexior","49",NA
"amara","convexiuscula","50",NA
"amara","crenata","51",NA
"amara","cursitans","52",NA
"amara","curta","53",NA
"amara","equestris","54",NA
"amara","erratica","55",NA
"amara","eurynota","56",NA
"amara","famelica","57",NA
"amara","familiaris","58",NA
"amara","fulva","59",NA
"amara","fulvipes","60",NA
"amara","fusca","61",NA
"amara","gebleri","62",NA
"amara","infima","63",NA
"amara","ingenua","64",NA
"amara","kulti","65",NA
"amara","littorea","66",NA
"amara","lucida","67",NA
"amara","lunicollis","68",NA
"amara","majuscula","69",NA
"amara","messae","70",NA
"amara","montivaga","71",NA
"amara","municipalis","72",NA
"amara","nigricornis","73",NA
"amara","nitida","74",NA
"amara","ovata","75",NA
"amara","plebeja","76",NA
"amara","praetermissa","77",NA
"amara","proxima","78",NA
"amara","pulpani","79",NA
"amara","quenseli","80",NA
"amara","sabulosa","81",NA
"amara","schimperi","82",NA
"amara","similata","83",NA
"amara","spreta","84",NA
"amara","strandi","85",NA
"amara","strenua","86",NA
"amara","tibialis","87",NA
"amara","tricuspidata","88",NA
"amblystomus","niger",NA,NA
"amischa","analis",NA,NA
"amischa","bifoveolata",NA,NA
"amischa","decipiens",NA,NA
"amischa","forcipata",NA,NA
"amischa","nigrofusca",NA,NA
"anaesthetis","testacea",NA,NA
"anaglyptus","mysticus",NA,NA
"anastrangalia","reyi",NA,NA
"anastrangalia","sanguinolenta",NA,NA
"anchomenus","cyaneus","89",NA
"anchomenus","dorsalis","90",NA
"ancistrocerus","",NA,NA
"ancistrocerus","antilope",NA,NA
"ancistrocerus","claripennis",NA,NA
"ancistrocerus","gazella",NA,NA
"ancistrocerus","nigricornis",NA,NA
"ancistrocerus","oviventris",NA,NA
"ancistrocerus","parietinus",NA,NA
"ancistrocerus","parietum",NA,NA
"ancistrocerus","trifasciatus",NA,NA
"anisodactylus","binotatus","91",NA
"anisodactylus","nemorivagus","92",NA
"anisodactylus","poeciloides","93",NA
"anisodactylus","signatus","94",NA
"anochetus","90",NA,NA
"anochetus","altisquamis",NA,NA
"anochetus","armstrongi",NA,NA
"anochetus","cato",NA,NA
"anochetus","diegensis",NA,NA
"anochetus","myops",NA,NA
"anochetus","paripungens",NA,NA
"anochetus","rectangularis",NA,NA
"anochetus","risii",NA,NA
"anoplodera","sexguttata",NA,NA
"anotylus","affinis",NA,NA
"anotylus","complanatus",NA,NA
"anotylus","insecatus",NA,NA
"anotylus","inustus",NA,NA
"anotylus","rugosus",NA,NA
"anotylus","sculpturatus",NA,NA
"anotylus","tetracarinatus",NA,NA
"anthobium","atrocephalum",NA,NA
"anthobium","unicolor",NA,NA
"anthonomus","rectirostris",NA,NA
"anthonomus","rubi",NA,NA
"antistea","elegans",NA,NA
"aphididae","",NA,NA
"aphidius","",NA,NA
"aphidius","avenae",NA,NA
"aphidius","ervi",NA,NA
"aphidius","rhopalosiphi",NA,NA
"aphidius","uzbekistanicus",NA,NA
"aphidoidea","",NA,NA
"aphidoletes","aphidimyza",NA,NA
"aphis","craccivora",NA,NA
"aphis","glycines",NA,NA
"aphodius","contaminatus",NA,NA
"aphodius","corvinus",NA,NA
"aphodius","distinctus",NA,NA
"aphodius","erraticus",NA,NA
"aphodius","fimetarius",NA,NA
"aphodius","granarius",NA,NA
"aphodius","haemorrhoidalis",NA,NA
"aphodius","prodromus",NA,NA
"aphodius","pusillus",NA,NA
"aphodius","sphacelatus",NA,NA
"aphodius","tasmaniae",NA,NA
"apostenus","fuscus",NA,NA
"apterostigma","pilosum",NA,NA
"apterostigma","sp.01",NA,NA
"apterostigma","sp.1",NA,NA
"apterostigma","sp.2",NA,NA
"apterostigma","sp.3",NA,NA
"araeoncus","humilis",NA,NA
"araneae","",NA,NA
"araneae","sp.",NA,"cursorial"
"araneus","diadematus",NA,NA
"araneus","marmoreus",NA,NA
"araneus","quadratus",NA,NA
"araneus","sturmi",NA,NA
"araneus","triguttatus",NA,NA
"araniella","alpica",NA,NA
"araniella","cucurbitina",NA,NA
"araniella","opisthographa",NA,NA
"arctosa","leopardus",NA,NA
"arctosa","perita",NA,NA
"argenna","subnigra",NA,NA
"arhopalus","rusticus",NA,NA
"arhopalus","tristis",NA,NA
"aromia","moschata",NA,NA
"asaphes","suspensus",NA,NA
"asaphidion","austriacum","97",NA
"asaphidion","caraboides","98",NA
"asaphidion","curtum","99",NA
"asaphidion","flavipes","100",NA
"asaphidion","pallipes","101",NA
"asaphidion","stierlini","102",NA
"asemum","striatum",NA,NA
"asemum","tenuicorne",NA,NA
"asthenargus","paganus",NA,NA
"atheta","aegra",NA,NA
"atheta","aeneipennis",NA,NA
"atheta","amplicollis",NA,NA
"atheta","atramentaria",NA,NA
"atheta","britanniae",NA,NA
"atheta","cauta",NA,NA
"atheta","celata",NA,NA
"atheta","crassicornis",NA,NA
"atheta","elongatula",NA,NA
"atheta","fungi",NA,NA
"atheta","graminicola",NA,NA
"atheta","harwoodi",NA,NA
"atheta","inquinula",NA,NA
"atheta","laticollis",NA,NA
"atheta","liliputana",NA,NA
"atheta","longicornis",NA,NA
"atheta","macrocera",NA,NA
"atheta","malleus",NA,NA
"atheta","nigra",NA,NA
"atheta","oblita",NA,NA
"atheta","orbata",NA,NA
"atheta","palustris",NA,NA
"atheta","pittionii",NA,NA
"atheta","putrida",NA,NA
"atheta","ravilla",NA,NA
"atheta","triangulum",NA,NA
"aulonia","albimana",NA,NA
"auplopus","carbonarius",NA,NA
"azteca","sp.02",NA,NA
"bactrocera","oleae",NA,NA
"badister","bullatus","103",NA
"badister","collaris","104",NA
"badister","dilatatus","105",NA
"badister","dorsiger","106",NA
"badister","lacertosus","107",NA
"badister","meridionalis","108",NA
"badister","peltatus","109",NA
"badister","sodalis","110",NA
"badister","unipustulatus","111",NA
"baryphyma","pratense",NA,NA
"baryphyma","trifrons",NA,NA
"bathyphantes","approximatus",NA,NA
"bathyphantes","gracilis",NA,NA
"bathyphantes","parvulus",NA,NA
"bathyphantes","similis",NA,NA
"bembidion","aeneum","112",NA
"bembidion","argenteolum","113",NA
"bembidion","articulatum","114",NA
"bembidion","ascendens","115",NA
"bembidion","aspericolle","116",NA
"bembidion","assimile","117",NA
"bembidion","atrocaeruleum","118",NA
"bembidion","biguttatum","119",NA
"bembidion","bipunctatum","120",NA
"bembidion","bodenheimeri","121",NA
"bembidion","bruxellense","122",NA
"bembidion","clarkii","123",NA
"bembidion","complanatum","124",NA
"bembidion","conforme","125",NA
"bembidion","decoratum","126",NA
"bembidion","decorum","127",NA
"bembidion","deletum","128",NA
"bembidion","dentellum","129",NA
"bembidion","doderoi","130",NA
"bembidion","doris","131",NA
"bembidion","elongatum","132",NA
"bembidion","ephippium","133",NA
"bembidion","eques","134",NA
"bembidion","fasciolatum","135",NA
"bembidion","femoratum","136",NA
"bembidion","foraminosum","137",NA
"bembidion","fulvipes","138",NA
"bembidion","fumigatum","139",NA
"bembidion","geniculatum","140",NA
"bembidion","gilvipes","141",NA
"bembidion","glaciale","142",NA
"bembidion","guttula","143",NA
"bembidion","humerale","144",NA
"bembidion","illigeri","145",NA
"bembidion","incognitum","146",NA
"bembidion","inoptatum","147",NA
"bembidion","inustum","148",NA
"bembidion","iricolor","149",NA
"bembidion","lampros","150",NA
"bembidion","lapponicum","151",NA
"bembidion","laticolle","152",NA
"bembidion","latinum","153",NA
"bembidion","litorale","154",NA
"bembidion","longipes","155",NA
"bembidion","lunatum","156",NA
"bembidion","lunulatum","157",NA
"bembidion","mannerheimii","158",NA
"bembidion","maritimum","159",NA
"bembidion","milleri","160",NA
"bembidion","millerianum","161",NA
"bembidion","minimum","162",NA
"bembidion","modestum","163",NA
"bembidion","monticola","164",NA
"bembidion","neresheimeri","165",NA
"bembidion","nigricorne","166",NA
"bembidion","normannum","167",NA
"bembidion","obliquum","168",NA
"bembidion","obtusum",NA,NA
"bembidion","octomaculatum","169",NA
"bembidion","pallidipenne","170",NA
"bembidion","prasinum","171",NA
"bembidion","properans","172",NA
"bembidion","pseudascendens","173",NA
"bembidion","punctulatum","174",NA
"bembidion","pygmaeum","175",NA
"bembidion","quadrimaculatum","176",NA
"bembidion","quadripustulatum","177",NA
"bembidion","ruficolle","178",NA
"bembidion","ruficorne","179",NA
"bembidion","saxatile","180",NA
"bembidion","scapulare","181",NA
"bembidion","schueppelii","182",NA
"bembidion","semipunctatum","183",NA
"bembidion","starkii","184",NA
"bembidion","stephensii","185",NA
"bembidion","stomoides","186",NA
"bembidion","striatum","187",NA
"bembidion","terminale","188",NA
"bembidion","testaceum","189",NA
"bembidion","tetracolum","190",NA
"bembidion","tibiale","191",NA
"bembidion","transparens","192",NA
"bembidion","varicolor","193",NA
"bembidion","varium","194",NA
"bembidion","velox","195",NA
"blemus","discus","196",NA
"bolitobius","castaneus",NA,NA
"bolitobius","cingulatus",NA,NA
"brachiacantha","argentinica",NA,NA
"brachiacantha","sellata",NA,NA
"brachiacantha","trimaculata",NA,NA
"brachinus","bipustulatus",NA,NA
"brachinus","crepitans","198",NA
"brachinus","explodens","199",NA
"brachinus","ganglbaueri",NA,NA
"brachinus","psophia",NA,NA
"brachinus","sclopeta","200",NA
"brachymyrmex","coactus",NA,NA
"brachymyrmex","depilis",NA,NA
"brachymyrmex","sp. 07",NA,NA
"brachymyrmex","sp.01",NA,NA
"brachymyrmex","sp.02",NA,NA
"brachymyrmex","sp.03",NA,NA
"brachymyrmex","sp.05",NA,NA
"brachymyrmex","sp.1",NA,NA
"brachymyrmex","sp.10",NA,NA
"brachymyrmex","sp.2",NA,NA
"brachymyrmex","sp.3",NA,NA
"brachymyrmex","sp.4",NA,NA
"brachyta","interrogationis",NA,NA
"bradycellus","caucasicus","201",NA
"bradycellus","csikii","202",NA
"bradycellus","distinctus","203",NA
"bradycellus","harpalinus","204",NA
"bradycellus","ruficollis","205",NA
"bradycellus","sharpi","206",NA
"bradycellus","verbasci","207",NA
"brevicoryne","brassicae",NA,NA
"broscus","cephalotes","208",NA
"busseola","fusca",NA,NA
"cacoxenus","indagator",NA,NA
"calathus","",NA,NA
"calathus","ambiguus","209",NA
"calathus","cinctus","210",NA
"calathus","erratus","211",NA
"calathus","fuscipes","212",NA
"calathus","luctuosus",NA,NA
"calathus","melanocephalus","213",NA
"calathus","micropterus","214",NA
"calathus","mollis","215",NA
"calathus","rotundicollis","216",NA
"callicerus","obscurus",NA,NA
"callicerus","rigidicornis",NA,NA
"callidium","aeneum",NA,NA
"callidium","coriaceum",NA,NA
"callidium","violaceum",NA,NA
"callistus","lunatus",NA,NA
"calosoma","argentense",NA,NA
"calosoma","auropunctatum","219",NA
"calosoma","inquisitor","220",NA
"calosoma","investigator","221",NA
"calosoma","reticulatum","222",NA
"calosoma","retusum",NA,NA
"calosoma","sycophanta","223",NA
"camponotus","1",NA,NA
"camponotus","114",NA,NA
"camponotus","127",NA,NA
"camponotus","133",NA,NA
"camponotus","142",NA,NA
"camponotus","143",NA,NA
"camponotus","18",NA,NA
"camponotus","182",NA,NA
"camponotus","19",NA,NA
"camponotus","208",NA,NA
"camponotus","214",NA,NA
"camponotus","220",NA,NA
"camponotus","25",NA,NA
"camponotus","3",NA,NA
"camponotus","31",NA,NA
"camponotus","39",NA,NA
"camponotus","51",NA,NA
"camponotus","66",NA,NA
"camponotus","78",NA,NA
"camponotus","8",NA,NA
"camponotus","89",NA,NA
"camponotus","aff. aruensis",NA,NA
"camponotus","aff. pictostriatus",NA,NA
"camponotus","aff. polynesicus",NA,NA
"camponotus","americanus",NA,NA
"camponotus","amperei",NA,NA
"camponotus","anezkae",NA,NA
"camponotus","armstrongi",NA,NA
"camponotus","aruensis",NA,NA
"camponotus","atriceps",NA,NA
"camponotus","blandus",NA,NA
"camponotus","bonariensis",NA,NA
"camponotus","castaneus",NA,NA
"camponotus","cf. chloroticus",NA,NA
"camponotus","cf. conithorax",NA,NA
"camponotus","cf. macrocephalus",NA,NA
"camponotus","cf. variegatus",NA,NA
"camponotus","cf._compressus",NA,NA
"camponotus","cingulatus",NA,NA
"camponotus","clarior",NA,NA
"camponotus","claripes gp. sp. SS 1",NA,NA
"camponotus","claripes gp. sp. SS 2",NA,NA
"camponotus","claripes gp. sp. SS 2 & discors gp. sp. SS 2",NA,NA
"camponotus","claripes gp. sp. SS 3",NA,NA
"camponotus","crozieri",NA,NA
"camponotus","discors gp. sp. SS 1",NA,NA
"camponotus","dorycus confusus",NA,NA
"camponotus","ephippium",NA,NA
"camponotus","essigi",NA,NA
"camponotus","evae gp. sp. SS 1",NA,NA
"camponotus","floridanus",NA,NA
"camponotus","foreli",NA,NA
"camponotus","friedae",NA,NA
"camponotus","gasseri",NA,NA
"camponotus","gigas",NA,NA
"camponotus","gouldianus",NA,NA
"camponotus","havilandi",NA,NA
"camponotus","herculeanus",NA,NA
"camponotus","irredux",NA,NA
"camponotus","itoi",NA,NA
"camponotus","laevigatus",NA,NA
"camponotus","lateralis",NA,NA
"camponotus","leae",NA,NA
"camponotus","leydigi",NA,NA
"camponotus","ligniperdus",NA,NA
"camponotus","melanoticus",NA,NA
"camponotus","minimus gp. sp. SS 1",NA,NA
"camponotus","near aurocinctus sp. SS 1",NA,NA
"camponotus","near capito sp. SS 1",NA,NA
"camponotus","near capito sp. SS 1  near capito sp. SS 2",NA,NA
"camponotus","nigriceps",NA,NA
"camponotus","novogranadensis",NA,NA
"camponotus","pennsylvannicus",NA,NA
"camponotus","pilicornis",NA,NA
"camponotus","prosseri",NA,NA
"camponotus","pseudoirritans",NA,NA
"camponotus","quadriceps",NA,NA
"camponotus","rotundus",NA,NA
"camponotus","rubidus",NA,NA
"camponotus","rubiginosis gp. sp. SS 1",NA,NA
"camponotus","rubiginosis gp. sp. SS 2",NA,NA
"camponotus","rufipes",NA,NA
"camponotus","sanguinifrons",NA,NA
"camponotus","senex",NA,NA
"camponotus","similimus",NA,NA
"camponotus","socius",NA,NA
"camponotus","sp. 20 aff. janeti",NA,NA
"camponotus","sp. 21 aff. janeti",NA,NA
"camponotus","sp. 42",NA,NA
"camponotus","sp. 5 aff. poecilus",NA,NA
"camponotus","sp. prox. Cingulatus",NA,NA
"camponotus","sp.09",NA,NA
"camponotus","sp.1",NA,NA
"camponotus","sp.10",NA,NA
"camponotus","sp.14",NA,NA
"camponotus","sp.2",NA,NA
"camponotus","sp.29",NA,NA
"camponotus","sp.3",NA,NA
"camponotus","sp.35",NA,NA
"camponotus","sp.8",NA,NA
"camponotus","sp._16_rubiginosus_gp.",NA,NA
"camponotus","sp._24_claripes_gp.",NA,NA
"camponotus","sp._4_pellax_gp.",NA,NA
"camponotus","sp._8_discors_gp.",NA,NA
"camponotus","sp._9_novaehollandiae_gp.",NA,NA
"camponotus","trajanus",NA,NA
"camponotus","triangulatus",NA,NA
"camponotus","truncatus",NA,NA
"camponotus","un01",NA,NA
"camponotus","un10",NA,NA
"camponotus","vicinus",NA,NA
"camponotus","vitreus",NA,NA
"camponotus","wanangus",NA,NA
"carabus","arcensis","224",NA
"carabus","auratus",NA,NA
"carabus","auronitens","225",NA
"carabus","cancellatus","226",NA
"carabus","clatratus","227",NA
"carabus","convexus","228",NA
"carabus","coriaceus",NA,NA
"carabus","glabratus","229",NA
"carabus","granulatus","230",NA
"carabus","hortensis","231",NA
"carabus","hungaricus",NA,NA
"carabus","intricatus","232",NA
"carabus","irregularis","233",NA
"carabus","linnei","234",NA
"carabus","menetriesi","235",NA
"carabus","monilis","236",NA
"carabus","nemoralis","237",NA
"carabus","nitens","238",NA
"carabus","problematicus",NA,NA
"carabus","scabriusculus",NA,NA
"carabus","scheidleri","239",NA
"carabus","sylvestris","240",NA
"carabus","ulrichii","241",NA
"carabus","variolosus","242",NA
"carabus","violaceus","243",NA
"cardiocondyla","193",NA,NA
"cardiocondyla","86",NA,NA
"cardiocondyla","95",NA,NA
"cardiocondyla","emeryi",NA,NA
"cardiocondyla","microseta",NA,NA
"cardiocondyla","obscurior",NA,NA
"cardiocondyla","sp._1_nuda_complex",NA,NA
"cardiocondyla","wroughtonii",NA,NA
"carebara","1",NA,NA
"carebara","50",NA,NA
"carebara","52",NA,NA
"carebara","anophtalma",NA,NA
"carebara","atoma",NA,NA
"carebara","crassiuscula",NA,NA
"carebara","jiangxiensis",NA,NA
"carebara","melasolena",NA,NA
"carebara","panamensis",NA,NA
"carebara","reina",NA,NA
"carebara","sp.",NA,NA
"carebara","sp.1",NA,NA
"carebara","urichi",NA,NA
"carpelimus","bilineatus",NA,NA
"carpelimus","corticinus",NA,NA
"carpelimus","elongatulus",NA,NA
"carpelimus","gracilis",NA,NA
"carpelimus","impressus",NA,NA
"carpelimus","rivularis",NA,NA
"centromerita","bicolor",NA,NA
"centromerus","brevipalpus",NA,NA
"centromerus","leruthi",NA,NA
"centromerus","sylvaticus",NA,NA
"cephalotes","atratus",NA,NA
"cephalotes","betoi",NA,NA
"cephalotes","minutus",NA,NA
"cephalotes","pallidoides",NA,NA
"cephalotes","persimilis",NA,NA
"cephalotes","pusillus",NA,NA
"cephalotes","simillimus",NA,NA
"cephus","",NA,NA
"cerambyx","cerdo",NA,NA
"cerambyx","scopolii",NA,NA
"cerapachys","0",NA,NA
"cerapachys","151",NA,NA
"cerapachys","168",NA,NA
"cerapachys","215",NA,NA
"cerapachys","3",NA,NA
"cerapachys","9",NA,NA
"cerapachys","brevis gp. sp. SS 1",NA,NA
"cerapachys","cf. flavaclavatus",NA,NA
"cerapachys","clarki gp. sp. SS 1",NA,NA
"cerapachys","desposyne",NA,NA
"cerapachys","fervidus gp. sp. SS 1",NA,NA
"cerapachys","fervidus gp. sp. SS 2",NA,NA
"cerapachys","fervidus gp. sp. SS 3",NA,NA
"cerapachys","fervidus gp. sp. SS 4",NA,NA
"cerapachys","sp._11_turneri_gp.",NA,NA
"cerapachys","sp._4_singularis_gp.",NA,NA
"cerapachys","splendens",NA,NA
"cerapachys","sulcinodis",NA,NA
"cerapachys","toltecus",NA,NA
"cerapachys","un01",NA,NA
"cerapachys","varians gp. sp. SS 1",NA,NA
"cerapachys","varians gp. sp. SS 2",NA,NA
"ceratinella","",NA,NA
"ceratinella","brevipes",NA,NA
"ceratinella","brevis",NA,NA
"ceratinella","major",NA,NA
"ceratinella","scabrosa",NA,NA
"cerceris","quinquefasciata",NA,NA
"cerceris","rybyensis",NA,NA
"chaenotetrastichus","",NA,NA
"chaenotetrastichus","grangeri",NA,NA
"chaenotetrastichus","semiflavus",NA,NA
"chaetocnema","aridula",NA,NA
"chaetocnema","concinna",NA,NA
"chaetocnema","hortensis",NA,NA
"chaetocnema","laevicollis",NA,NA
"chaetocnema","mannerheimi",NA,NA
"chaetocnema","subcoerulea",NA,NA
"chalcosyrphus","nemorum",NA,NA
"chlaenius","costulatus","244",NA
"chlaenius","decipiens","245",NA
"chlaenius","festivus","246",NA
"chlaenius","nigricornis","247",NA
"chlaenius","nitidulus","248",NA
"chlaenius","olivieri","249",NA
"chlaenius","tibialis","250",NA
"chlaenius","tristis","251",NA
"chlaenius","vestitus","252",NA
"chlorophorus","herbstii",NA,NA
"chrysis","",NA,NA
"chrysis","angustula",NA,NA
"chrysis","cyanea",NA,NA
"chrysis","ignita",NA,NA
"chrysis","indigotea",NA,NA
"chrysocharis","pentheus",NA,NA
"chrysopa","",NA,NA
"chrysoperla","",NA,NA
"chrysoperla","carnea",NA,NA
"chrysoperla","lucasina",NA,NA
"chrysopidae","",NA,NA
"cicindela","campestris","253",NA
"cicindela","gallica","254",NA
"cicindela","germanica",NA,NA
"cicindela","hybrida","255",NA
"cicindela","maritima","256",NA
"cicindela","sylvatica","257",NA
"cicindela","sylvicola","258",NA
"cicindela","transversalis","259",NA
"cicurina","cicur",NA,NA
"clivina","collaris","261",NA
"clivina","fossor",NA,NA
"closterotomus","biclacatus",NA,"biclavatus"
"closterotomus","norwegicus",NA,NA
"clubiona","brevipes",NA,NA
"clubiona","comta",NA,NA
"clubiona","diniensis",NA,NA
"clubiona","diversa",NA,NA
"clubiona","leucaspis",NA,NA
"clubiona","lutescens",NA,NA
"clubiona","neglecta",NA,NA
"clubiona","pallidula",NA,NA
"clubiona","phragmitis",NA,NA
"clubiona","pseudoneglecta",NA,NA
"clubiona","reclusa",NA,NA
"clubiona","stagnatilis",NA,NA
"clubiona","subtilis",NA,NA
"clytus","arietis",NA,NA
"coccinella","magnifica",NA,NA
"coccinella","quinquepunctata",NA,NA
"coccinella","septempunctata",NA,NA
"coccinella","undecimpunctata",NA,NA
"coccinellidae","",NA,NA
"coccinula","quatuordecimpustulata",NA,NA
"coelotes","terrestris",NA,NA
"coleomegilla","quadrifasciata.octodecimpustulata",NA,NA
"collinsia","inerrans",NA,NA
"copitarsia","consueta",NA,NA
"copitarsia","turbata",NA,NA
"corticaria","abietorum",NA,NA
"corticaria","obscura",NA,NA
"corticaria","serrata",NA,NA
"corticaria","umbilicata",NA,NA
"cortodera","femorata",NA,NA
"crematogaster","120",NA,NA
"crematogaster","138",NA,NA
"crematogaster","165",NA,NA
"crematogaster","180",NA,NA
"crematogaster","181",NA,NA
"crematogaster","22",NA,NA
"crematogaster","33",NA,NA
"crematogaster","4",NA,NA
"crematogaster","40",NA,NA
"crematogaster","6",NA,NA
"crematogaster","71",NA,NA
"crematogaster","85",NA,NA
"crematogaster","91",NA,NA
"crematogaster","antcnp_sp11",NA,NA
"crematogaster","auberti",NA,NA
"crematogaster","brasiliensis",NA,NA
"crematogaster","cf. flavicornis",NA,NA
"crematogaster","cf. major",NA,NA
"crematogaster","cf. pythia",NA,NA
"crematogaster","cf._biroi",NA,NA
"crematogaster","cf._rogenhoferi",NA,NA
"crematogaster","cf._subnuda",NA,NA
"crematogaster","coarctata",NA,NA
"crematogaster","distans",NA,NA
"crematogaster","elysii",NA,NA
"crematogaster","emeryi",NA,NA
"crematogaster","flavitarsis",NA,NA
"crematogaster","frivola",NA,NA
"crematogaster","laeviceps gp. sp. SS 1",NA,NA
"crematogaster","laeviceps gp. sp. SS 1 & sp. SS 2",NA,NA
"crematogaster","limata",NA,NA
"crematogaster","lineolata",NA,NA
"crematogaster","modiglianii",NA,NA
"crematogaster","natalensis",NA,NA
"crematogaster","obnigra",NA,NA
"crematogaster","paradoxa",NA,NA
"crematogaster","polita",NA,NA
"crematogaster","queenslandica",NA,NA
"crematogaster","queenslandica gp. sp. SS 1",NA,NA
"crematogaster","sordidula",NA,NA
"crematogaster","sp. 11 aff. fritzi",NA,NA
"crematogaster","sp. 15 aff. flavicornis",NA,NA
"crematogaster","sp. 6",NA,NA
"crematogaster","sp. 7 aff. fritzi",NA,NA
"crematogaster","sp.06",NA,NA
"crematogaster","sp.08",NA,NA
"crematogaster","sp.11",NA,NA
"crematogaster","sp.3GroupA",NA,NA
"crematogaster","sp.5",NA,NA
"crematogaster","sp._2_australis_complex",NA,NA
"crematogaster","sp._4_Group_A",NA,NA
"crematogaster","sp.prox. Obscurata",NA,NA
"crematogaster","sumichrasti",NA,NA
"crematogaster","tarsata",NA,NA
"crematogaster","un02",NA,NA
"crematogaster","un03",NA,NA
"crematogaster","un04",NA,NA
"creonitades","dilutus",NA,NA
"creontiades","dilutus",NA,NA
"cryptoblabes","gnidiella",NA,NA
"cychrus","attenuatus","262",NA
"cychrus","caraboides","263",NA
"cycloneda","ancoralis",NA,NA
"cycloneda","emarginada",NA,NA
"cycloneda","limbicollis",NA,NA
"cycloneda","sanguinea",NA,NA
"cynipoidea","",NA,NA
"cyphomyrmex","costatus",NA,NA
"cyphomyrmex","lectus",NA,NA
"cyphomyrmex","minutus",NA,NA
"cyphomyrmex","olitor",NA,NA
"cyphomyrmex","plaumanni",NA,NA
"cyphomyrmex","rimosus",NA,NA
"cyphomyrmex","sp. 24",NA,NA
"cyphomyrmex","sp.1",NA,NA
"cyphomyrmex","sp.2",NA,NA
"cyphomyrmex","sp.20",NA,NA
"cyphomyrmex","sp.3",NA,NA
"cyphomyrmex","strigatus",NA,NA
"cyphomyrmex","strigatus sp.1",NA,NA
"cyphomyrmex","transversus",NA,NA
"delia","radicum",NA,NA
"demetrias","atricapillus","272",NA
"demetrias","imperialis","273",NA
"demetrias","monostigma","274",NA
"dendrocerus","carpenteri",NA,NA
"deraeocoris","annulipes",NA,NA
"deraeocoris","flavilinea",NA,NA
"deraeocoris","ruber",NA,NA
"deraeocoris","trifasciatus",NA,NA
"diabrotica","barberi",NA,NA
"diabrotica","speciosa",NA,NA
"diabrotica","virgifera",NA,NA
"diachromus","germanus","275",NA
"diaea","dorsata",NA,NA
"dibrachys","",NA,NA
"dibrachys","cavus",NA,NA
"dibrachys","lignicola",NA,NA
"dibrachys","microgastri",NA,NA
"dicymbium","nigrum",NA,NA
"dicymbium","tibiale",NA,NA
"diglyphus","isaea",NA,NA
"dinaraea","angustula",NA,NA
"dinoptera","collaris",NA,NA
"diomus","agapitus",NA,NA
"diomus","argentenicus",NA,NA
"diomus","faustinus",NA,NA
"diomus","jane",NA,NA
"diomus","petronilla",NA,NA
"diomus","pusillus",NA,NA
"diomus","seminulus",NA,NA
"diomus","sp11",NA,NA
"diomus","sp43",NA,NA
"diomus","tenuis",NA,NA
"diomus","tucumanus",NA,NA
"diplocephalus","cristatus",NA,NA
"diplocephalus","graecus",NA,NA
"diplocephalus","latifrons",NA,NA
"diplocephalus","marijae",NA,NA
"diplocephalus","picinus",NA,NA
"diplostyla","concolor",NA,NA
"dipogon","",NA,NA
"dipogon","subintermedius",NA,NA
"dipogon","variegatus",NA,NA
"discoelius","zonalis",NA,NA
"discothyrea","149",NA,NA
"discothyrea","denticulata",NA,NA
"discothyrea","humilis",NA,NA
"discothyrea","neotropica",NA,NA
"discothyrea","sauteri",NA,NA
"discothyrea","sexarticulata",NA,NA
"dismodicus","bifrons",NA,NA
"dismodicus","elevatus",NA,NA
"dolichus","halensis","281",NA
"dolycoris","baccarum",NA,NA
"drassyllus","lutetianus",NA,NA
"drassyllus","praeficus",NA,NA
"drassyllus","pusillus",NA,NA
"drassyllus","villicus",NA,NA
"drepanotylus","uncatus",NA,NA
"dromius","agilis","282",NA
"dromius","angustus","283",NA
"dromius","fenestratus","284",NA
"dromius","meridionalis","285",NA
"dromius","quadraticollis","286",NA
"dromius","quadrimaculatus","287",NA
"dromius","schneideri","288",NA
"drusilla","canaliculata",NA,NA
"drypta","dentata","289",NA
"dyschiriodes","tristis",NA,NA
"dyschirius","aeneus",NA,NA
"dyschirius","agnatus","290",NA
"dyschirius","angustatus","291",NA
"dyschirius","arenosus","292",NA
"dyschirius","bonellii","293",NA
"dyschirius","chalceus","294",NA
"dyschirius","digitatus","295",NA
"dyschirius","extensus","296",NA
"dyschirius","globosus","297",NA
"dyschirius","gracilis","298",NA
"dyschirius","impunctipennis","299",NA
"dyschirius","intermedius","300",NA
"dyschirius","laeviusculus","301",NA
"dyschirius","neresheimeri","302",NA
"dyschirius","nitidus","303",NA
"dyschirius","obscurus","304",NA
"dyschirius","rufipes","305",NA
"dyschirius","semistriatus","306",NA
"dyschirius","tristis","307",NA
"dysdera","",NA,NA
"dysdera","erythrina",NA,NA
"ectatomma","edentatum",NA,NA
"ectatomma","muticum",NA,NA
"ectatomma","permagnum",NA,NA
"ectatomma","ruidum",NA,NA
"ectatomma","tuberculatum",NA,NA
"elaphrus","aureus","309",NA
"elaphrus","cupreus","310",NA
"elaphrus","riparius","311",NA
"elaphrus","uliginosus","312",NA
"elaphrus","ullrichii","313",NA
"empoasca","affinis",NA,NA
"empoasca","decipiens",NA,NA
"empoasca","pteridis",NA,NA
"empoasca","vitis",NA,NA
"encyrtidae","",NA,NA
"enoplognatha","diversa",NA,NA
"enoplognatha","latimana",NA,NA
"enoplognatha","ovata",NA,NA
"enoplognatha","thoracica",NA,NA
"episyrphus","balteatus",NA,NA
"ergates","faber",NA,NA
"erigone","",NA,NA
"erigone","atra",NA,NA
"erigone","dentipalpis",NA,NA
"erigone","longipalpis",NA,NA
"erigonella","hiemalis",NA,NA
"eriopis","conexa",NA,NA
"eriopis","connexa",NA,NA
"eristalis","",NA,NA
"eristalis","abusiva",NA,NA
"eristalis","arbustorum",NA,NA
"eristalis","horticola",NA,NA
"eristalis","interrupta",NA,NA
"eristalis","intricaria",NA,NA
"eristalis","intricarius",NA,NA
"eristalis","jugorum",NA,NA
"eristalis","lineata",NA,NA
"eristalis","pertinax",NA,NA
"eristalis","picea",NA,NA
"eristalis","pratorum",NA,NA
"eristalis","rupium",NA,NA
"eristalis","similis",NA,NA
"eristalis","tenax",NA,NA
"eumeninae","",NA,NA
"euodynerus","notatus",NA,NA
"euodynerus","quadrifasciatus",NA,NA
"eupeodes","",NA,NA
"eupeodes","bucculatus",NA,NA
"eupeodes","corollae",NA,NA
"eupeodes","lapponicus",NA,NA
"eupeodes","latifasciatus",NA,NA
"eupeodes","lundbecki",NA,NA
"eupeodes","luniger",NA,NA
"eupeodes","nielseni",NA,NA
"eupeodes","nitens",NA,NA
"eupoecilia","ambiguella",NA,NA
"eurydema","oleracea",NA,NA
"euryopis","episinoides",NA,NA
"euryopis","flavomaculata",NA,NA
"euryopis","quinqueguttata",NA,NA
"eurytoma","amygdali",NA,NA
"eurytoma","nodularis",NA,NA
"evodinus","borealis",NA,NA
"exocentrus","adspersus",NA,NA
"exocentrus","lusitanus",NA,NA
"falagria","sulcata",NA,NA
"forficula","auricularia",NA,NA
"formicidae","",NA,NA
"gasteruption","",NA,NA
"gasteruption","assectator",NA,NA
"gaurotes","virginea",NA,NA
"geocoris","",NA,NA
"gnamptogenys","122",NA,NA
"gnamptogenys","124",NA,NA
"gnamptogenys","7",NA,NA
"gnamptogenys","74",NA,NA
"gnamptogenys","8",NA,NA
"gnamptogenys","acuminata",NA,NA
"gnamptogenys","continua",NA,NA
"gnamptogenys","curvoclypeata",NA,NA
"gnamptogenys","hartmani",NA,NA
"gnamptogenys","horni",NA,NA
"gnamptogenys","interrupta",NA,NA
"gnamptogenys","menadensis",NA,NA
"gnamptogenys","minuta",NA,NA
"gnamptogenys","nana",NA,NA
"gnamptogenys","pr.reichenspergeri sp.1",NA,NA
"gnamptogenys","pr.striatula sp.1",NA,NA
"gnamptogenys","pr.striatula sp.2",NA,NA
"gnamptogenys","quadrutinodules",NA,NA
"gnamptogenys","rastrata",NA,NA
"gnamptogenys","reichenspergeri",NA,NA
"gnamptogenys","sp.4",NA,NA
"gnamptogenys","striatula",NA,NA
"gnamptogenys","tornata",NA,NA
"gnamptogenys","triangularis",NA,NA
"gnathacmaeops","pratensis",NA,NA
"gongylidiellum","",NA,NA
"gongylidiellum","latebricola",NA,NA
"gongylidiellum","murcidum",NA,NA
"gongylidiellum","vivum",NA,NA
"grammoptera","ruficornis",NA,NA
"grammoptera","ustulata",NA,NA
"gynandromorphus","etruscus","314",NA
"gyrohypnus","angustatus",NA,NA
"gyrohypnus","liebei",NA,NA
"gyrohypnus","punctulatus",NA,NA
"hahnia","nava",NA,NA
"hahnia","pusilla",NA,NA
"halticus","apterus",NA,NA
"halticus","luteicollis",NA,NA
"haplodrassus","dalmatensis",NA,NA
"haplodrassus","invalidus",NA,NA
"haplodrassus","minor",NA,NA
"haplodrassus","severus",NA,NA
"haplodrassus","signifer",NA,NA
"haplodrassus","umbratilis",NA,NA
"harmonia","axyridis",NA,NA
"harpactea","fageli",NA,NA
"harpactea","lepida",NA,NA
"harpalus","affinis","315",NA
"harpalus","albanicus","316",NA
"harpalus","anxius","317",NA
"harpalus","atratus","318",NA
"harpalus","attenuatus","319",NA
"harpalus","autumnalis","320",NA
"harpalus","calceatus","321",NA
"harpalus","caspius","322",NA
"harpalus","cephalotes","323",NA
"harpalus","cupreus",NA,NA
"harpalus","dimidiatus","324",NA
"harpalus","distinguendus","325",NA
"harpalus","flavescens","326",NA
"harpalus","flavicornis","327",NA
"harpalus","froelichii","328",NA
"harpalus","fuscicornis",NA,NA
"harpalus","fuscipalpis","329",NA
"harpalus","griseus","330",NA
"harpalus","hirtipes","331",NA
"harpalus","honestus","332",NA
"harpalus","hospes",NA,NA
"harpalus","laevipes","333",NA
"harpalus","latus","334",NA
"harpalus","luteicornis","335",NA
"harpalus","marginellus","336",NA
"harpalus","melancholicus","337",NA
"harpalus","modestus","338",NA
"harpalus","neglectus","339",NA
"harpalus","picipennis","340",NA
"harpalus","politus","341",NA
"harpalus","progrediens","342",NA
"harpalus","pumilus","343",NA
"harpalus","pygmaeus",NA,NA
"harpalus","rubripes","344",NA
"harpalus","rufipalpis","345",NA
"harpalus","rufipes","346",NA
"harpalus","serripes","347",NA
"harpalus","servus","348",NA
"harpalus","signaticornis","349",NA
"harpalus","smaragdinus","350",NA
"harpalus","solitaris","351",NA
"harpalus","subcylindricus","352",NA
"harpalus","sulphuripes","353",NA
"harpalus","tardus","354",NA
"harpalus","tenebrosus","355",NA
"harpalus","zabroides","356",NA
"helicoverpa","armigera",NA,NA
"helopeltis","sulawesi",NA,NA
"himacerus","apterus",NA,NA
"himacerus","major",NA,NA
"himacerus","mirmicoides",NA,NA
"hippodamia","convergens",NA,NA
"hippodamia","notata",NA,NA
"hippodamia","tredecimpunctata",NA,NA
"hippodamia","variegata",NA,NA
"histopona","torpida",NA,NA
"hylotrupes","bajulus",NA,NA
"hypera","arator",NA,NA
"hypera","meles",NA,NA
"hypera","nigrirostris",NA,NA
"hypera","plantaginis",NA,NA
"hypera","postica",NA,NA
"hypera","rumicis",NA,NA
"hypera","suspiciosa",NA,NA
"hypera","zoilus",NA,NA
"hyperaspis","conclusa",NA,NA
"hyperaspis","elegantissima",NA,NA
"hyperaspis","festiva",NA,NA
"hyperaspis","gordoni",NA,NA
"hyperaspis","longula",NA,NA
"hyperaspis","matronata",NA,NA
"hyperaspis","sp13",NA,NA
"hyperaspis","sp19",NA,NA
"hypoponera","1",NA,NA
"hypoponera","113",NA,NA
"hypoponera","39",NA,NA
"hypoponera","80",NA,NA
"hypoponera","JTL013",NA,NA
"hypoponera","antcnp_sp2",NA,NA
"hypoponera","cf. confinis",NA,NA
"hypoponera","eduardi",NA,NA
"hypoponera","inexorata",NA,NA
"hypoponera","opacior",NA,NA
"hypoponera","parva",NA,NA
"hypoponera","sabrone",NA,NA
"hypoponera","sp. 04",NA,NA
"hypoponera","sp.02",NA,NA
"hypoponera","sp.03",NA,NA
"hypoponera","sp.10",NA,NA
"hypoponera","sp.11",NA,NA
"hypoponera","sp.12",NA,NA
"hypoponera","sp.13",NA,NA
"hypoponera","sp.14",NA,NA
"hypoponera","sp.15",NA,NA
"hypoponera","sp.16",NA,NA
"hypoponera","sp.17",NA,NA
"hypoponera","sp.18",NA,NA
"hypoponera","sp.19",NA,NA
"hypoponera","sp.2",NA,NA
"hypoponera","sp.20",NA,NA
"hypoponera","sp.21",NA,NA
"hypoponera","sp.22",NA,NA
"hypoponera","sp.23",NA,NA
"hypoponera","sp.24",NA,NA
"hypoponera","sp.3",NA,NA
"hypoponera","sp.5",NA,NA
"hypoponera","sp.6",NA,NA
"hypoponera","sp.7",NA,NA
"hypoponera","sp.8",NA,NA
"hypoponera","sp.9",NA,NA
"hypothenemus","hampei",NA,NA
"ichneumonidae","",NA,NA
"ilyobates","propinquus",NA,NA
"ilyobates","subopacus",NA,NA
"jacksonella","falconeri",NA,NA
"judolia","sexmaculata",NA,NA
"labidus","coecus",NA,NA
"labidus","praedator",NA,NA
"lachnomyrmex","plaumanni",NA,NA
"laemostenus","terricola","357",NA
"lamia","textor",NA,NA
"larinioides","cornutus",NA,NA
"larinioides","suspicax",NA,NA
"lathrobium","brunnipes",NA,NA
"lathrobium","fulvipenne",NA,NA
"lathrobium","longulum",NA,NA
"lathrobium","multipunctum",NA,NA
"lathrobium","pallidipenne",NA,NA
"lathrobium","pallidum",NA,NA
"lathrobium","quadratum",NA,NA
"lathrobium","volgense",NA,NA
"leioderes","kollari",NA,NA
"leiopus","nebulosus",NA,NA
"leiopus","punctulatus",NA,NA
"leistus","ferrugineus","364",NA
"leistus","fulvibarbis","365",NA
"leistus","montanus","366",NA
"leistus","nitidus","367",NA
"leistus","piceus","368",NA
"leistus","rufomarginatus","369",NA
"leistus","spinibarbis","370",NA
"leistus","terminatus","371",NA
"lepidoptera","",NA,NA
"lepthyphantes","",NA,NA
"leptinotarsa","decemlineata",NA,NA
"leptogenys","120",NA,NA
"leptogenys","139",NA,NA
"leptogenys","140",NA,NA
"leptogenys","143",NA,NA
"leptogenys","146",NA,NA
"leptogenys","15",NA,NA
"leptogenys","160",NA,NA
"leptogenys","67",NA,NA
"leptogenys","68",NA,NA
"leptogenys","77",NA,NA
"leptogenys","diminuta",NA,NA
"leptogenys","exigua",NA,NA
"leptogenys","intermedia",NA,NA
"leptogenys","kitteli",NA,NA
"leptogenys","rufida",NA,NA
"leptogenys","sp._nr._conigera",NA,NA
"leptura","quadrifasciata",NA,NA
"lepturalia","nigripes",NA,NA
"lepturobosca","virens",NA,NA
"licinus","cassideus","372",NA
"licinus","depressus","373",NA
"licinus","hoffmannseggii","374",NA
"licinus","oblongus","375",NA
"liocranoeca","striata",NA,NA
"lionychus","quadrillum","376",NA
"liriomyza","huidobrensis",NA,NA
"liriomyza","sativae",NA,NA
"lobesia","botrana",NA,NA
"loricera","pilicornis","377",NA
"lygus","gemellatus",NA,NA
"lygus","hesperus",NA,NA
"lygus","lineolaris",NA,NA
"lygus","pratensis",NA,NA
"lygus","rugulipennis",NA,NA
"lygus","wagneri",NA,NA
"macrocentrus","",NA,NA
"macrosiphum","euphorbiae",NA,NA
"mangora","acalypha",NA,NA
"medon","",NA,NA
"megatoma","undata",NA,NA
"meioneta","affinis",NA,NA
"meioneta","rurestris",NA,NA
"meioneta","saxatilis",NA,NA
"melanostoma","",NA,NA
"melanostoma","mellinum",NA,NA
"melanostoma","scalare",NA,NA
"meligethes","aeneus",NA,NA
"meligethes","brachialis",NA,NA
"meligethes","carinulatus",NA,NA
"meligethes","coeruleovirens",NA,NA
"meligethes","coracinus",NA,NA
"meligethes","difficilis",NA,NA
"meligethes","flavimanus",NA,NA
"meligethes","maurus",NA,NA
"meligethes","morosus",NA,NA
"meligethes","nigrescens",NA,NA
"meligethes","ovatus",NA,NA
"meligethes","persicus",NA,NA
"meligethes","rotundicollis",NA,NA
"meligethes","ruficornis",NA,NA
"meligethes","subaeneus",NA,NA
"meligethes","symphyti",NA,NA
"meligethes","umbrosus",NA,NA
"meligethes","viridescens",NA,NA
"melittobia","acasta",NA,NA
"mesosa","curculionoides",NA,NA
"mesosa","nebulosa",NA,NA
"mesus","rugatifrons",NA,NA
"metopolophium","dirhodum",NA,NA
"micaria","albovittata",NA,NA
"micaria","coarctata",NA,NA
"micaria","dives",NA,NA
"micaria","formicaria",NA,NA
"micaria","guttigera",NA,NA
"micaria","pulicaria",NA,NA
"micaria","rossica",NA,NA
"micrargus","apertus",NA,NA
"micrargus","herbigradus",NA,NA
"micrargus","subaequalis",NA,NA
"microlestes","fissuralis",NA,NA
"microlestes","maurus","379",NA
"microlestes","minutulus","380",NA
"microlinyphia","pusilla",NA,NA
"micromus","angulatus",NA,NA
"micromus","variegatus",NA,NA
"molops","elatus","382",NA
"molops","piceus","383",NA
"molorchus","minor",NA,NA
"molorchus","umbellatarum",NA,NA
"monocephalus","fuscipes",NA,NA
"monochamus","galloprovincialis",NA,NA
"monochamus","sutor",NA,NA
"monochamus","urussovii",NA,NA
"monodontomerus","",NA,NA
"monodontomerus","obscurus",NA,NA
"monodontomerus","obsoletus",NA,NA
"monomorium","1",NA,NA
"monomorium","12",NA,NA
"monomorium","3",NA,NA
"monomorium","9",NA,NA
"monomorium","93",NA,NA
"monomorium","96",NA,NA
"monomorium","?fieldi  fieldi",NA,NA
"monomorium","donisthorpei",NA,NA
"monomorium","fieldi",NA,NA
"monomorium","flavipes gp. sp. SS 1",NA,NA
"monomorium","floricola",NA,NA
"monomorium","intrudens",NA,NA
"monomorium","leae",NA,NA
"monomorium","leave laeve gp. sp. SS 1",NA,NA
"monomorium","leave laeve gp. sp. SS 2 & leave laeve gp. sp. SS 1",NA,NA
"monomorium","musicum",NA,NA
"monomorium","nigrius",NA,NA
"monomorium","pharaonis",NA,NA
"monomorium","rothsteini gp. sp. SS 1",NA,NA
"monomorium","sordidum gp. sp. SS 1",NA,NA
"monomorium","sordidum gp. sp. SS 2",NA,NA
"monomorium","sordidum gp. sp. SS 3",NA,NA
"monomorium","sp. 3",NA,NA
"monomorium","sp. 5 aff. floricola",NA,NA
"monomorium","sp._14_nigrius_gp.",NA,NA
"monomorium","sp._1_rothsteini_gp.",NA,NA
"monomorium","sp._24_laeve_gp.",NA,NA
"monomorium","sp._26_sydneyense_gp.",NA,NA
"monomorium","sp._33_laeve_gp.",NA,NA
"monomorium","sp._37_nigrius_gp.",NA,NA
"monomorium","sp._39_nigrius_gp.",NA,NA
"monomorium","sp._7_insolescens_gp.",NA,NA
"monomorium","sp._8_carinatum_gp.",NA,NA
"monomorium","taedium",NA,NA
"monomorium","un01",NA,NA
"monomorium","viride",NA,NA
"mycetoporus","bimaculatus",NA,NA
"mycetoporus","forticornis",NA,NA
"mycetoporus","lepidus",NA,NA
"mycetoporus","longulus",NA,NA
"mycetoporus","nigricollis",NA,NA
"myzus","cerasi",NA,NA
"nabis","",NA,NA
"nabis","brevis",NA,"brevis"
"nabis","ferus",NA,NA
"nabis","flavomarginatus",NA,NA
"nabis","limbatus",NA,NA
"nabis","pseudoferus",NA,NA
"nabis","punctatus",NA,"punctatus"
"nabis","rugosus",NA,NA
"nasonovia","ribisnigri",NA,NA
"nebria","brevicollis","385",NA
"nebria","germarii","386",NA
"nebria","hellwigii","387",NA
"nebria","jockischii","388",NA
"nebria","livida","389",NA
"nebria","picicornis","390",NA
"nebria","rufescens","391",NA
"nebria","salina","392",NA
"necydalis","major",NA,NA
"nehemitropia","lividipennis",NA,NA
"neoscona","adianta",NA,NA
"nivellia","sanguinosa",NA,NA
"nothorhina","muricata",NA,NA
"notiophilus","aestuans","393",NA
"notiophilus","aquaticus","394",NA
"notiophilus","biguttatus","395",NA
"notiophilus","germinyi","396",NA
"notiophilus","laticollis","397",NA
"notiophilus","palustris","398",NA
"notiophilus","quadripunctatus",NA,NA
"notiophilus","rufipes","399",NA
"notiophilus","substriatus","400",NA
"notoxus","monoceros",NA,NA
"nysius","cymoides",NA,NA
"nysius","ericae",NA,NA
"nysius","senecionis",NA,NA
"nysius","thymi",NA,NA
"oberea","linearis",NA,NA
"oberea","oculata",NA,NA
"obrium","brunneum",NA,NA
"obrium","cantharinum",NA,NA
"octostruma","balzani",NA,NA
"octostruma","petiolata",NA,NA
"octostruma","rugifera",NA,NA
"octostruma","sp.L",NA,NA
"octostruma","stenognatha",NA,NA
"ocypus","brunnipes",NA,NA
"ocypus","fuscatus",NA,NA
"ocypus","nero",NA,NA
"ocypus","nitens",NA,NA
"ocys","harpaloides","401",NA
"ocys","quinquestriatus","402",NA
"odontomachus","65",NA,NA
"odontomachus","75",NA,NA
"odontomachus","affinis",NA,NA
"odontomachus","bauri",NA,NA
"odontomachus","chelifer",NA,NA
"odontomachus","meinerti",NA,NA
"odontomachus","monticola",NA,NA
"odontomachus","relictus",NA,NA
"odontomachus","simillimus",NA,NA
"odontomachus","sp.2",NA,NA
"odontomachus","sp._Nr._Turneri",NA,NA
"odontomachus","testaceus",NA,NA
"oedothorax","",NA,NA
"oedothorax","agrestis",NA,NA
"oedothorax","apicatus",NA,NA
"oedothorax","fuscus",NA,NA
"oedothorax","gibbosus",NA,NA
"oedothorax","retusus",NA,NA
"oligomyrmex","110",NA,NA
"oligomyrmex","117",NA,NA
"oligomyrmex","128",NA,NA
"oligomyrmex","142",NA,NA
"oligomyrmex","20",NA,NA
"oligomyrmex","73",NA,NA
"oligota","inflata",NA,NA
"oligota","parva",NA,NA
"oligota","pusillima",NA,NA
"omalium","caesum",NA,NA
"omalium","excavatum",NA,NA
"omalium","rivulare",NA,NA
"omalus","",NA,NA
"omalus","aeneus",NA,NA
"omalus","puncticollis",NA,NA
"ontholestes","murinus",NA,NA
"oodes","gracilis","407",NA
"oodes","helopioides","408",NA
"ophiomyia","simplex",NA,NA
"ophonus","ardosiacus","409",NA
"ophonus","azureus","410",NA
"ophonus","brevicollis","411",NA
"ophonus","cordatus","412",NA
"ophonus","cribricollis",NA,NA
"ophonus","diffinis","413",NA
"ophonus","laticollis","414",NA
"ophonus","melletii","415",NA
"ophonus","parallelus","416",NA
"ophonus","puncticeps","417",NA
"ophonus","puncticollis","418",NA
"ophonus","rufibarbis","419",NA
"ophonus","rupicola","420",NA
"ophonus","sabulicola","421",NA
"ophonus","schaubergerianus","422",NA
"ophonus","stictus","423",NA
"ophonus","subsinuatus","424",NA
"oplosia","cinerea",NA,NA
"orius","insidiosus",NA,NA
"orius","majusculus",NA,NA
"orius","minutus",NA,NA
"orius","niger",NA,NA
"ostrinia","nubilalis",NA,NA
"oulema","duftschmidi",NA,NA
"oulema","gallaeciana",NA,NA
"oulema","melanopus",NA,NA
"oulema","sp.",NA,NA
"oxybelus","uniglumis",NA,NA
"oxymirus","cursor",NA,NA
"oxyopes","heterophthalmus",NA,NA
"oxyopes","mediterraneus",NA,NA
"oxyopes","nigripalpis",NA,NA
"oxyopes","ramosus",NA,NA
"oxypoda","acuminata",NA,NA
"oxypoda","bicolor",NA,NA
"oxypoda","brachyptera",NA,NA
"oxypoda","brevicornis",NA,NA
"oxypoda","exoleta",NA,NA
"oxypoda","haemorrhoa",NA,NA
"oxypoda","longipes",NA,NA
"oxypoda","opaca",NA,NA
"oxypoda","tarda",NA,NA
"oxypoda","umbrata",NA,NA
"oxypselaphus","obscurus","427",NA
"ozyptila","claveata",NA,NA
"ozyptila","furcula",NA,NA
"ozyptila","pauxilla",NA,NA
"ozyptila","praticola",NA,NA
"ozyptila","simplex",NA,NA
"ozyptila","trux",NA,NA
"pachycondyla","1",NA,NA
"pachycondyla","162",NA,NA
"pachycondyla","3",NA,NA
"pachycondyla","60",NA,NA
"pachycondyla","97",NA,NA
"pachycondyla","bucki",NA,NA
"pachycondyla","caffraria",NA,NA
"pachycondyla","ferruginea",NA,NA
"pachycondyla","harpax",NA,NA
"pachycondyla","impressa",NA,NA
"pachycondyla","peringueyi",NA,NA
"pachycondyla","pr.harpax",NA,NA
"pachycondyla","pumicosa",NA,NA
"pachycondyla","stigma",NA,NA
"pachycondyla","striata",NA,NA
"pachycondyla","tridentata",NA,NA
"pachycondyla","wroughtonii",NA,NA
"pachygnatha","clercki",NA,NA
"pachygnatha","degeeri",NA,NA
"pachygnatha","listeri",NA,NA
"pachymorphus","sp",NA,NA
"pachymorphus","sp2",NA,NA
"pachyta","lamed",NA,NA
"paederus","brevipennis",NA,NA
"paederus","fuscipes",NA,NA
"paederus","littoralis",NA,NA
"panamomops","sulcifrons",NA,NA
"paratrechina","1",NA,NA
"paratrechina","11",NA,NA
"paratrechina","141",NA,NA
"paratrechina","63",NA,NA
"paratrechina","92",NA,NA
"paratrechina","94",NA,NA
"paratrechina","97",NA,NA
"paratrechina","arenivaga",NA,NA
"paratrechina","longicornis",NA,NA
"paratrechina","phantasma",NA,NA
"paratrechina","sp.1",NA,NA
"paratrechina","sp.2",NA,NA
"paratrechina","sp.3",NA,NA
"paratrechina","sp.4",NA,NA
"paratrechina","umbra",NA,NA
"paratrechina","wojciki",NA,NA
"pardosa","",NA,NA
"pardosa","agrestis",NA,NA
"pardosa","agricola",NA,NA
"pardosa","amentata",NA,NA
"pardosa","fulvipes",NA,NA
"pardosa","hortensis",NA,NA
"pardosa","lugubris",NA,NA
"pardosa","maisa",NA,NA
"pardosa","paludicola",NA,NA
"pardosa","palustris",NA,NA
"pardosa","prativaga",NA,NA
"pardosa","proxima",NA,NA
"pardosa","pullata",NA,NA
"pardosa","saltans",NA,NA
"parophonus","dejeani","433",NA
"parophonus","maculicornis",NA,NA
"parophonus","mendax","434",NA
"passaloecus","",NA,NA
"passaloecus","corniger",NA,NA
"passaloecus","eremita",NA,NA
"passaloecus","gracilis",NA,NA
"passaloecus","insignis",NA,NA
"passaloecus","turionum",NA,NA
"patrobus","assimilis","435",NA
"patrobus","atrorufus","436",NA
"patrobus","septentrionis","437",NA
"pedostrangalia","pubescens",NA,NA
"pedostrangalia","revestita",NA,NA
"pelecopsis","bucephala",NA,NA
"pelecopsis","elongata",NA,NA
"pelecopsis","inedita",NA,NA
"pelecopsis","mengei",NA,NA
"pelecopsis","parallela",NA,NA
"pelecopsis","radicicola",NA,NA
"pemphredon","",NA,NA
"pemphredon","baltica",NA,NA
"pemphredon","inornata",NA,NA
"pemphredon","lethifer",NA,NA
"pemphredon","lugubris",NA,NA
"pemphredon","rugifera",NA,NA
"pentatoma","rufipes",NA,NA
"phalangium","opilio",NA,NA
"pheidole","1",NA,NA
"pheidole","10",NA,NA
"pheidole","102",NA,NA
"pheidole","104",NA,NA
"pheidole","105",NA,NA
"pheidole","108",NA,NA
"pheidole","109",NA,NA
"pheidole","11",NA,NA
"pheidole","111",NA,NA
"pheidole","115",NA,NA
"pheidole","128",NA,NA
"pheidole","130",NA,NA
"pheidole","137",NA,NA
"pheidole","14",NA,NA
"pheidole","149",NA,NA
"pheidole","152",NA,NA
"pheidole","153",NA,NA
"pheidole","157",NA,NA
"pheidole","167",NA,NA
"pheidole","170",NA,NA
"pheidole","174",NA,NA
"pheidole","175",NA,NA
"pheidole","185",NA,NA
"pheidole","194",NA,NA
"pheidole","197",NA,NA
"pheidole","199",NA,NA
"pheidole","206",NA,NA
"pheidole","26",NA,NA
"pheidole","28",NA,NA
"pheidole","29",NA,NA
"pheidole","32",NA,NA
"pheidole","36",NA,NA
"pheidole","38",NA,NA
"pheidole","4",NA,NA
"pheidole","55",NA,NA
"pheidole","56",NA,NA
"pheidole","59",NA,NA
"pheidole","60",NA,NA
"pheidole","62",NA,NA
"pheidole","63",NA,NA
"pheidole","65",NA,NA
"pheidole","83",NA,NA
"pheidole","88",NA,NA
"pheidole","99",NA,NA
"pheidole","A",NA,NA
"pheidole","B gp. sp. SS 1",NA,NA
"pheidole","B gp. sp. SS 2",NA,NA
"pheidole","B gp. sp. SS 3",NA,NA
"pheidole","B gp. sp. SS 4",NA,NA
"pheidole","adrianoi",NA,NA
"pheidole","angulifera",NA,NA
"pheidole","californica",NA,NA
"pheidole","cocciphaga",NA,NA
"pheidole","dasypyx",NA,NA
"pheidole","dentata",NA,NA
"pheidole","floridana",NA,NA
"pheidole","fracticeps",NA,NA
"pheidole","gertrudae",NA,NA
"pheidole","glomericeps",NA,NA
"pheidole","harrisonfordi",NA,NA
"pheidole","hospes",NA,NA
"pheidole","jelskii",NA,NA
"pheidole","lash9",NA,NA
"pheidole","mendicula",NA,NA
"pheidole","metallescens",NA,NA
"pheidole","moerens",NA,NA
"pheidole","morrisii",NA,NA
"pheidole","multispina",NA,NA
"pheidole","nodus",NA,NA
"pheidole","oxyops",NA,NA
"pheidole","pallidula",NA,NA
"pheidole","pieli",NA,NA
"pheidole","pyriformis gp. sp. SS 1",NA,NA
"pheidole","rugiceps",NA,NA
"pheidole","schwarzmaieri",NA,NA
"pheidole","sensitiva",NA,NA
"pheidole","sexspinosa biroi",NA,NA
"pheidole","sp. 1",NA,NA
"pheidole","sp. 13 aff. tricolor",NA,NA
"pheidole","sp. 14 aff. gambogia",NA,NA
"pheidole","sp. 18",NA,NA
"pheidole","sp. 2",NA,NA
"pheidole","sp. 24 aff. amber",NA,NA
"pheidole","sp. 25 aff. sexspinosa",NA,NA
"pheidole","sp. 26",NA,NA
"pheidole","sp. 3",NA,NA
"pheidole","sp. 30 aff. sexspinosa",NA,NA
"pheidole","sp. 4",NA,NA
"pheidole","sp. 5",NA,NA
"pheidole","sp. 6",NA,NA
"pheidole","sp. 7 aff. gambogia",NA,NA
"pheidole","sp.01",NA,NA
"pheidole","sp.03",NA,NA
"pheidole","sp.07",NA,NA
"pheidole","sp.08",NA,NA
"pheidole","sp.09",NA,NA
"pheidole","sp.1",NA,NA
"pheidole","sp.10",NA,NA
"pheidole","sp.11",NA,NA
"pheidole","sp.12",NA,NA
"pheidole","sp.13",NA,NA
"pheidole","sp.14",NA,NA
"pheidole","sp.15",NA,NA
"pheidole","sp.16",NA,NA
"pheidole","sp.17",NA,NA
"pheidole","sp.18",NA,NA
"pheidole","sp.19",NA,NA
"pheidole","sp.2",NA,NA
"pheidole","sp.3",NA,NA
"pheidole","sp.37",NA,NA
"pheidole","sp.4",NA,NA
"pheidole","sp.40",NA,NA
"pheidole","sp.5",NA,NA
"pheidole","sp.6",NA,NA
"pheidole","sp.7",NA,NA
"pheidole","sp.7.1",NA,NA
"pheidole","sp.7.2",NA,NA
"pheidole","sp.8",NA,NA
"pheidole","sp.9",NA,NA
"pheidole","sp._13_ampla_gp.",NA,NA
"pheidole","sp._14_ampla_gp.",NA,NA
"pheidole","sp._1_mjobergi_gp.",NA,NA
"pheidole","sp._2_longiceps_gp.",NA,NA
"pheidole","sp._3_variabilis_gp.",NA,NA
"pheidole","sp._8_Group_F",NA,NA
"pheidole","sp.prox. Tetrica",NA,NA
"pheidole","striaticeps",NA,NA
"pheidole","thrasys",NA,NA
"pheidole","triconstricta",NA,NA
"pheidole","tumida",NA,NA
"pheidole","ulothrix",NA,NA
"pheidole","un01",NA,NA
"pheidole","vafra",NA,NA
"pheidole","variabilis gp. sp. SS 1",NA,NA
"pheidole","variabilis gp. sp. SS 2",NA,NA
"pheidole","zeteki",NA,NA
"philodromus","albidus",NA,NA
"philodromus","aureolus",NA,NA
"philodromus","cespitum",NA,NA
"philodromus","collinus",NA,NA
"philodromus","praedatus",NA,NA
"philodromus","rufus",NA,NA
"philonthus","albipes",NA,NA
"philonthus","carbonarius",NA,NA
"philonthus","cognatus",NA,NA
"philonthus","concinnus",NA,NA
"philonthus","corruscus",NA,NA
"philonthus","debilis",NA,NA
"philonthus","laminatus",NA,NA
"philonthus","pseudovarians",NA,NA
"philonthus","sanguinolentus",NA,NA
"philonthus","varians",NA,NA
"philorhizus","melanocephalus","441",NA
"philorhizus","notatus","442",NA
"philorhizus","quadrisignatus","443",NA
"philorhizus","sigma","444",NA
"phrurolithus","festivus",NA,NA
"phrurolithus","minimus",NA,NA
"phymatodes","alni",NA,NA
"phymatodes","pusillus",NA,NA
"phymatodes","testaceus",NA,NA
"phytocoris","intricatus",NA,NA
"phytocoris","pini",NA,NA
"phytocoris","tiliae",NA,NA
"phytocoris","ulmi",NA,NA
"phytocoris","varipes",NA,NA
"phytoecia","cylindrica",NA,NA
"phytoecia","nigricornis",NA,NA
"pieris","brassicae",NA,NA
"pieris","napi",NA,NA
"pieris","rapae",NA,NA
"piezodorus","lituratus",NA,NA
"pirata","piraticus",NA,NA
"pisaura","mirabilis",NA,NA
"plagiognathus","arbustorum",NA,NA
"plagiognathus","chrysanthemi",NA,NA
"plagiognathus","fulvipennis",NA,NA
"plagionotus","arcuatus",NA,NA
"plagionotus","detritus",NA,NA
"plataraea","brunnea",NA,NA
"platynus","assimilis","445",NA
"platynus","krynickii","446",NA
"platynus","livens","447",NA
"platynus","longiventris","448",NA
"platynus","scrobiculatus","449",NA
"platystethus","arenarius",NA,NA
"platystethus","cornutus",NA,NA
"platythyrea","147",NA,NA
"plutella","xylostella",NA,NA
"pocadicnemis","juncea",NA,NA
"pocadicnemis","pumila",NA,NA
"poecilus","cupreus","450",NA
"poecilus","kugelanni","451",NA
"poecilus","lepidus","452",NA
"poecilus","punctulatus","453",NA
"poecilus","sericeus","454",NA
"poecilus","versicolor","455",NA
"poecilus","zaballosi","456",NA
"pogonocherus","caroli",NA,NA
"pogonocherus","decoratus",NA,NA
"pogonocherus","fasciculatus",NA,NA
"pogonocherus","hispidulus",NA,NA
"pogonocherus","hispidus",NA,NA
"polistichus","connexus","459",NA
"pompilidae","",NA,NA
"porrhomma","",NA,NA
"porrhomma","convexum",NA,NA
"porrhomma","errans",NA,NA
"porrhomma","microphthalmum",NA,NA
"porrhomma","oblitum",NA,NA
"porrhomma","pygmaeum",NA,NA
"prays","oleae",NA,NA
"prionus","coriarius",NA,NA
"proceratium","150",NA,NA
"proceratium","brasiliense",NA,NA
"propylea","quatuordecimpunctata",NA,NA
"psenulus","",NA,NA
"psenulus","concolor",NA,NA
"psenulus","fuscipennis",NA,NA
"psenulus","pallipes",NA,NA
"pseudomyrmex","curacaensis",NA,NA
"pseudomyrmex","gracilis",NA,NA
"pseudomyrmex","pallidus",NA,NA
"pseudomyrmex","simplex",NA,NA
"pseudomyrmex","tenuis",NA,NA
"pseudomyrmex","termitarius",NA,NA
"pseudomyrmex","urbanus",NA,NA
"psyllobora","bicongregata",NA,NA
"pterostichus","aethiops","460",NA
"pterostichus","anthracinus","461",NA
"pterostichus","aterrimus","462",NA
"pterostichus","burmeisteri","463",NA
"pterostichus","cristatus","464",NA
"pterostichus","cursor","465",NA
"pterostichus","diligens","466",NA
"pterostichus","fasciatopunctatus","467",NA
"pterostichus","gracilis","468",NA
"pterostichus","hagenbachii","469",NA
"pterostichus","jurinei","470",NA
"pterostichus","kokeilii","471",NA
"pterostichus","macer","472",NA
"pterostichus","madidus","473",NA
"pterostichus","melanarius","474",NA
"pterostichus","melas","475",NA
"pterostichus","minor","476",NA
"pterostichus","multipunctatus","477",NA
"pterostichus","negligens","478",NA
"pterostichus","niger","479",NA
"pterostichus","nigrita","480",NA
"pterostichus","oblongopunctatus","481",NA
"pterostichus","ovoideus","482",NA
"pterostichus","panzeri","483",NA
"pterostichus","pumilio","484",NA
"pterostichus","quadrifoveolatus","485",NA
"pterostichus","selmanni","486",NA
"pterostichus","strenuus","487",NA
"pterostichus","subsinuatus","488",NA
"pterostichus","taksonyis","489",NA
"pterostichus","transversalis","490",NA
"pterostichus","unctulatus","491",NA
"pterostichus","vernalis","492",NA
"pyramica","18",NA,NA
"pyramica","74",NA,NA
"pyramica","appretiata",NA,NA
"pyramica","comis",NA,NA
"pyramica","crassicornis",NA,NA
"pyramica","denticulata",NA,NA
"pyramica","eggersi",NA,NA
"pyramica","lygathrix",NA,NA
"pyramica","mitis",NA,NA
"pyramica","rugithorax",NA,NA
"pyramica","sp.1",NA,NA
"pyramica","sp.2",NA,NA
"pyramica","sp.3",NA,NA
"pyramica","splendens",NA,NA
"pyramica","themis",NA,NA
"pyramica","un01",NA,NA
"pyrrhidium","sanguineum",NA,NA
"quedius","cinctus",NA,NA
"quedius","nitipennis",NA,NA
"quedius","ochripennis",NA,NA
"quedius","paradisianus",NA,NA
"quedius","vexans",NA,NA
"rhagium","inquisitor",NA,NA
"rhagium","mordax",NA,NA
"rhagium","sycophanta",NA,NA
"rhagoletis","cerasi",NA,NA
"rhagonycha","fulva",NA,NA
"rhagonycha","limbata",NA,NA
"rhagonycha","lutea",NA,NA
"rhagonycha","testacea",NA,NA
"rhopalosiphum","padi",NA,NA
"rhyzobius","litura",NA,NA
"rhyzobius","lophanthae",NA,NA
"robertus","arundineti",NA,NA
"robertus","kuehnae",NA,NA
"robertus","lividus",NA,NA
"robertus","neglectus",NA,NA
"rogeria","antcnp_sp2",NA,NA
"rogeria","antcnp_sp3",NA,NA
"rogeria","creightoni",NA,NA
"rogeria","foreli",NA,NA
"rogeria","inermis",NA,NA
"rogeria","sp.01",NA,NA
"rogeria","sp.02",NA,NA
"rogeria","sp.1",NA,NA
"rogeria","sp.2",NA,NA
"rogeria","stigmatica",NA,NA
"ropalopus","femoratus",NA,NA
"ropalopus","macropus",NA,NA
"rosalia","alpina",NA,NA
"rutpela","maculata",NA,NA
"saldula","opacula",NA,NA
"saldula","orthochila",NA,NA
"saldula","pallipes",NA,NA
"saldula","saltatoria",NA,NA
"saperda","carcharias",NA,NA
"saperda","perforata",NA,NA
"saperda","populnea",NA,NA
"saperda","scalaris",NA,NA
"saperda","similis",NA,NA
"sapyga","",NA,NA
"sapyga","clavicornis",NA,NA
"sapyga","quinquepunctata",NA,NA
"scopaeus","laevigatus",NA,NA
"scymnus","auritus",NA,NA
"scymnus","citreus",NA,NA
"scymnus","femoralis",NA,NA
"scymnus","ferrugatus",NA,NA
"scymnus","frontalis",NA,NA
"scymnus","haemorrhoidalis",NA,NA
"scymnus","loewii",NA,NA
"scymnus","mimulus",NA,NA
"scymnus","pictilis",NA,NA
"scymnus","rubicundus",NA,NA
"scymnus","sp",NA,NA
"scymnus","sp1",NA,NA
"scymnus","suturalis",NA,NA
"semanotus","undatus",NA,NA
"sericomyrmex","amabilis",NA,NA
"sericomyrmex","scrobifer",NA,NA
"silometopus","elegans",NA,NA
"silometopus","reussi",NA,NA
"sintula","corniger",NA,NA
"sitobion","avenae",NA,NA
"solenopsis","1",NA,NA
"solenopsis","19",NA,NA
"solenopsis","2",NA,NA
"solenopsis","JTsp1",NA,NA
"solenopsis","abdita/carolinensis",NA,NA
"solenopsis","antcnp_sp1",NA,NA
"solenopsis","antcnp_sp3",NA,NA
"solenopsis","globularia littoralis",NA,NA
"solenopsis","invicta",NA,NA
"solenopsis","lash4",NA,NA
"solenopsis","lash6",NA,NA
"solenopsis","molesta",NA,NA
"solenopsis","nickersoni",NA,NA
"solenopsis","papuana",NA,NA
"solenopsis","picea",NA,NA
"solenopsis","sp. 07",NA,NA
"solenopsis","sp. SS 1",NA,NA
"solenopsis","sp.01",NA,NA
"solenopsis","sp.04",NA,NA
"solenopsis","sp.06",NA,NA
"solenopsis","sp.1",NA,NA
"solenopsis","sp.10",NA,NA
"solenopsis","sp.11",NA,NA
"solenopsis","sp.12",NA,NA
"solenopsis","sp.14",NA,NA
"solenopsis","sp.2",NA,NA
"solenopsis","sp.3",NA,NA
"solenopsis","sp.4",NA,NA
"solenopsis","sp.5",NA,NA
"solenopsis","sp.6",NA,NA
"solenopsis","sp.7",NA,NA
"solenopsis","sp.8",NA,NA
"solenopsis","sp.9",NA,NA
"solenopsis","sp._1",NA,NA
"solenopsis","sp._2",NA,NA
"solenopsis","sp._9",NA,NA
"solenopsis","sp1",NA,NA
"solenopsis","substituta",NA,NA
"solenopsis","subterranea",NA,NA
"solenopsis","tennesseensis",NA,NA
"solenopsis","terricola",NA,NA
"solenopsis","tridens",NA,NA
"solenopsis","yellow",NA,NA
"sphaerophoria","",NA,NA
"sphaerophoria","batava",NA,NA
"sphaerophoria","interrupta",NA,NA
"sphaerophoria","rueppellii",NA,NA
"sphaerophoria","scripta",NA,NA
"sphaerophoria","taeniata",NA,NA
"sphaerophoria","virgata",NA,NA
"sphecidae","",NA,NA
"spondylis","buprestoides",NA,NA
"staphylinidae","",NA,NA
"steatoda","albomaculata",NA,NA
"stemonyphantes","lineatus",NA,NA
"stenocorus","meridianus",NA,NA
"stenolophus","mixtus","496",NA
"stenolophus","skrimshiranus","497",NA
"stenolophus","teutonus","498",NA
"stenostola","dubia",NA,NA
"stenotus","binotatus",NA,NA
"stenotus","rubrovittatus",NA,NA
"stenurella","melanura",NA,NA
"stenurella","nigra",NA,NA
"stenus","brunnipes",NA,NA
"stenus","canaliculatus",NA,NA
"stenus","cicindeloides",NA,NA
"stenus","circularis",NA,NA
"stenus","clavicornis",NA,NA
"stenus","flavipes",NA,NA
"stenus","fulvicornis",NA,NA
"stenus","geniculatus",NA,NA
"stenus","impressus",NA,NA
"stenus","pallipes",NA,NA
"stenus","pusillus",NA,NA
"stenus","similis",NA,NA
"stethorus","sp8",NA,NA
"stictoleptura","maculicornis",NA,NA
"stictoleptura","rubra",NA,NA
"stictoleptura","scutellata",NA,NA
"stigmus","pendulus",NA,NA
"stigmus","solskyi",NA,NA
"stomis","pumicatus","499",NA
"strangalia","attenuata",NA,NA
"strumigenys","1",NA,NA
"strumigenys","151",NA,NA
"strumigenys","35",NA,NA
"strumigenys","7",NA,NA
"strumigenys","79",NA,NA
"strumigenys","brevicornis",NA,NA
"strumigenys","cf. racabura",NA,NA
"strumigenys","cordovensis",NA,NA
"strumigenys","eggersi",NA,NA
"strumigenys","elongata",NA,NA
"strumigenys","emmae",NA,NA
"strumigenys","godeffroyi",NA,NA
"strumigenys","horvathi",NA,NA
"strumigenys","inusitata",NA,NA
"strumigenys","lanuginosa",NA,NA
"strumigenys","louisianae",NA,NA
"strumigenys","marginiventris",NA,NA
"strumigenys","mek1",NA,NA
"strumigenys","mek2",NA,NA
"strumigenys","saliens",NA,NA
"strumigenys","schmalzi",NA,NA
"strumigenys","sp. 09",NA,NA
"strumigenys","sp. 2 cf. szalayi",NA,NA
"strumigenys","sp.09",NA,NA
"strumigenys","sp.1",NA,NA
"strumigenys","sp.2",NA,NA
"strumigenys","sp.3",NA,NA
"strumigenys","sp.4",NA,NA
"strumigenys","sp.5",NA,NA
"strumigenys","sp.6",NA,NA
"strumigenys","subedentata",NA,NA
"strumigenys","treptodens",NA,NA
"strumigenys","xenochelyna",NA,NA
"strumigenys","zeteki",NA,NA
"symmorphus","",NA,NA
"symmorphus","bifasciatus",NA,NA
"symmorphus","crassicornis",NA,NA
"symmorphus","debilitatus",NA,NA
"symmorphus","fuscipes",NA,NA
"symmorphus","gracilis",NA,NA
"syntomus","foveatus","500",NA
"syntomus","obscuroguttatus","501",NA
"syntomus","pallipes","502",NA
"syntomus","truncatellus","503",NA
"synuchus","vivalis",NA,NA
"syrphidae","",NA,NA
"syrphus","",NA,NA
"syrphus","ribesii",NA,NA
"syrphus","torvus",NA,NA
"syrphus","vitripennis",NA,NA
"tachinidae","",NA,NA
"tachinus","fimetarius",NA,NA
"tachinus","laticollis",NA,NA
"tachinus","marginellus",NA,NA
"tachinus","signatus",NA,NA
"tachyporus","abdominalis",NA,NA
"tachyporus","atriceps",NA,NA
"tachyporus","chrysomelinus",NA,NA
"tachyporus","dispar",NA,NA
"tachyporus","hypnorum",NA,NA
"tachyporus","nitidulus",NA,NA
"tachyporus","obtusus",NA,NA
"tachyporus","pusillus",NA,NA
"tachyporus","scitulus",NA,NA
"tachyporus","solutus",NA,NA
"tallusia","experta",NA,NA
"tapinocyba","insecta",NA,NA
"tapinocyba","praecox",NA,NA
"tapinoma","189",NA,NA
"tapinoma","62",NA,NA
"tapinoma","B",NA,NA
"tapinoma","cf. indicum",NA,NA
"tapinoma","erraticum",NA,NA
"tapinoma","madeirense",NA,NA
"tapinoma","melanocephalum",NA,NA
"tapinoma","sessile",NA,NA
"tapinoma","sp. 3 aff. williamsi",NA,NA
"tapinoma","sp.4minutumgroup",NA,NA
"tapinoma","sp._1_minutum_gp",NA,NA
"tapinoma","sp._2_minutum_gp",NA,NA
"technomyrmex","121",NA,NA
"technomyrmex","163",NA,NA
"technomyrmex","2",NA,NA
"technomyrmex","20",NA,NA
"technomyrmex","202",NA,NA
"technomyrmex","54",NA,NA
"technomyrmex","61",NA,NA
"technomyrmex","albicoxis",NA,NA
"technomyrmex","albipes",NA,NA
"technomyrmex","antennus",NA,NA
"technomyrmex","brunneus",NA,NA
"technomyrmex","difficilis",NA,NA
"technomyrmex","gilvus",NA,NA
"technomyrmex","jocosus",NA,NA
"technomyrmex","obscurior",NA,NA
"technomyrmex","un01",NA,NA
"tecia","solanivora",NA,NA
"tegenaria","silvestris",NA,NA
"temnostethus","gracilis",NA,NA
"temnostethus","pusillus",NA,NA
"tenuiphantes","flavipes",NA,NA
"tenuiphantes","mengei",NA,NA
"tenuiphantes","tenebricola",NA,NA
"tenuiphantes","tenuis",NA,NA
"tenuiphantes","zimmermanni",NA,NA
"tetragnatha","extensa",NA,NA
"tetragnatha","montana",NA,NA
"tetragnatha","obtusa",NA,NA
"tetragnatha","pinicola",NA,NA
"tetragnatha","reimoseri",NA,NA
"tetragnatha","striata",NA,NA
"tetropium","castaneum",NA,NA
"tetropium","fuscum",NA,NA
"tetrops","praeustus",NA,NA
"tetrops","starkii",NA,NA
"thaumatotibia","leucotreta",NA,NA
"theridiidae","",NA,NA
"theridion","",NA,NA
"theridion","boesenbergi",NA,NA
"theridion","melanurum",NA,NA
"theridion","pictum",NA,NA
"theridion","pinastri",NA,NA
"theridion","varians",NA,NA
"therioaphis","trifolii",NA,NA
"thyreosthenius","biovatus",NA,NA
"tinotus","morion",NA,NA
"tiphia","femorata",NA,NA
"tiso","vagans",NA,NA
"trachymyrmex","bugnioni",NA,NA
"trachymyrmex","cornetzi",NA,NA
"trachymyrmex","iisthmica",NA,NA
"trachymyrmex","isthmica",NA,NA
"trachymyrmex","mek1",NA,NA
"trachymyrmex","septentrionalis",NA,NA
"trachymyrmex","sp. 05",NA,NA
"trachymyrmex","sp. 15",NA,NA
"trachymyrmex","sp.09",NA,NA
"trachymyrmex","sp.11",NA,NA
"trachymyrmex","sp.4",NA,NA
"trachymyrmex","zeteki",NA,NA
"tragosoma","depsarium",NA,NA
"trechoblemus","micros","515",NA
"trechus","amplicollis","516",NA
"trechus","austriacus","517",NA
"trechus","fulvus","518",NA
"trechus","glacialis","519",NA
"trechus","hampei","520",NA
"trechus","latibuli","521",NA
"trechus","montanellus","522",NA
"trechus","obtusus","523",NA
"trechus","pilisensis","524",NA
"trechus","pinkeri","525",NA
"trechus","pseudopiceus","526",NA
"trechus","pulchellus","527",NA
"trechus","pulpani","528",NA
"trechus","quadristriatus","529",NA
"trechus","rivularis","530",NA
"trechus","rotundipennis","531",NA
"trechus","rubens","532",NA
"trechus","secalis","533",NA
"trechus","splendens","534",NA
"trialeurodes","vaporariorum",NA,NA
"trichrysis","cyanea",NA,NA
"trigonotylus","caelestialium",NA,NA
"trigonotylus","ruficornis",NA,NA
"trochosa","robusta",NA,NA
"trochosa","ruricola",NA,NA
"trochosa","sp1",NA,NA
"trochosa","spinipalpis",NA,NA
"trochosa","terricola",NA,NA
"troxochrus","scabriculus",NA,NA
"trypoxylon","",NA,NA
"trypoxylon","clavicerum",NA,NA
"trypoxylon","figulus",NA,NA
"trypoxylon","medium",NA,NA
"trypoxylon","minus",NA,NA
"vespula","germanica",NA,NA
"vespula","rufa",NA,NA
"vespula","vulgaris",NA,NA
"walckenaeria","acuminata",NA,NA
"walckenaeria","antica",NA,NA
"walckenaeria","atrotibialis",NA,NA
"walckenaeria","capito",NA,NA
"walckenaeria","corniculans",NA,NA
"walckenaeria","cuspidata",NA,NA
"walckenaeria","dysderoides",NA,NA
"walckenaeria","monoceros",NA,NA
"walckenaeria","nudipalpis",NA,NA
"walckenaeria","obtusa",NA,NA
"walckenaeria","unicornis",NA,NA
"walckenaeria","vigilax",NA,NA
"wasmannia","auropunctata",NA,NA
"wasmannia","lutzi",NA,NA
"xantholinus","audrasi",NA,NA
"xantholinus","linearis",NA,NA
"xantholinus","longiventris",NA,NA
"xantholinus","semirufus",NA,NA
"xantholinus","tricolor",NA,NA
"xerolycosa","miniata",NA,NA
"xerolycosa","nemoralis",NA,NA
"xylotrechus","antilope",NA,NA
"xylotrechus","pantherinus",NA,NA
"xylotrechus","rusticus",NA,NA
"xysticus","audax",NA,NA
"xysticus","bifasciatus",NA,NA
"xysticus","caperatus",NA,NA
"xysticus","cristatus",NA,NA
"xysticus","erraticus",NA,NA
"xysticus","kochi",NA,NA
"xysticus","lanio",NA,NA
"xysticus","ninnii",NA,NA
"xysticus","nubilus",NA,NA
"xysticus","striatipes",NA,NA
"xysticus","ulmi",NA,NA
"zabrus","spinipes",NA,NA
"zabrus","tenebrioides","537",NA
"zelotes","",NA,NA
"zelotes","apricorum",NA,NA
"zelotes","atrocaeruleus",NA,NA
"zelotes","callidus",NA,NA
"zelotes","electus",NA,NA
"zelotes","fulvopilosus",NA,NA
"zelotes","latreillei",NA,NA
"zelotes","manius",NA,NA
"zelotes","pediculatus",NA,NA
"zelotes","segrex",NA,NA
"zelotes","subterraneus",NA,NA
"zelotes","tenuis",NA,NA
"zelotes","thorelli",NA,NA
"zora","armillata",NA,NA
"zora","nemoralis",NA,NA
"zora","spinimana",NA,NA
